BBX28AIL5SZ,"In Aliquet Corp.",4472729,2020-07-09,True,"Lorem ipsum dolor sit amet, consectetur adipiscing elit. Aliquam quis justo nec libero aliquet euismod. Maecenas condimentum sodales auctor. Proin ante velit, rutrum et orci sit amet, luctus vestibulum erat. Quisque neque dolor, tincidunt sed consectetur nec, pretium nec magna. Vivamus consequat dignissim eros in iaculis. Curabitur id lacinia massa. Praesent at tellus in leo tincidunt lacinia vel quis ex. Aliquam et est et lorem ultrices egestas."
SBV55WFC5MV,"Integer Vulputate Risus Institute",4471554,2019-12-27,False,"Praesent pellentesque justo odio, nec tempor lacus volutpat in. Curabitur nulla nulla, dictum sed lectus sit amet, hendrerit sollicitudin mi. Cras non libero risus. Nulla lacinia elit vitae mi commodo, sit amet dapibus magna tincidunt. Nulla ullamcorper, velit sit amet sollicitudin congue, nibh tortor tristique nunc, vel congue nisl orci at est. Ut vel condimentum felis. Suspendisse quis tempor nisl. Pellentesque ornare blandit sem id ultricies. Donec in hendrerit felis, non sodales diam. Phasellus sapien nibh, efficitur eu pellentesque at, tincidunt hendrerit lacus. Quisque vitae leo eros. Phasellus lacus odio, maximus in justo et, luctus venenatis lacus. Duis condimentum hendrerit lorem. Morbi id pharetra urna, ut suscipit enim."
TEF51NBI7QF,"Vivamus Nibh LLC",8919033,2018-05-28,False,"Nullam non dolor eu magna ultrices ornare. Aenean quis urna ullamcorper, tincidunt orci id, molestie neque. Vestibulum ut nisi est. Sed ornare orci vel ipsum consectetur maximus. Nulla nisl erat, lacinia vel vestibulum sit amet, maximus quis magna. Nullam consectetur dignissim tempus. Ut interdum, mauris in dignissim posuere, lacus diam tempor eros, et venenatis nisi enim vitae dui. Duis dignissim facilisis tristique. Phasellus faucibus elit dui, sed condimentum quam lacinia sit amet. Nunc tristique tristique ante, sed laoreet eros pulvinar nec. Phasellus ut lacinia erat. Donec sollicitudin, elit sit amet laoreet ultricies, tortor ipsum ornare orci, at bibendum odio magna quis massa. Duis ullamcorper semper lectus, at maximus nulla facilisis in. Nunc vel metus ante. In suscipit porta justo a lacinia."
CBM81YFY6XR,"Eu LLP",8811172,2020-06-06,False,"Nulla urna nunc, hendrerit in felis sit amet, finibus tempor lectus. Phasellus rhoncus consectetur arcu, a ultrices nisl elementum scelerisque. Quisque dignissim suscipit feugiat. In lectus purus, accumsan at fermentum ac, placerat sit amet nulla. Donec elementum hendrerit vulputate. Vestibulum ullamcorper fermentum libero sit amet vehicula. Morbi fringilla diam ac erat aliquam viverra. Sed et tortor et ipsum venenatis porttitor eu sit amet augue. Maecenas erat erat, viverra non mi eget, faucibus porta diam. Sed eget tellus placerat, varius purus vitae, rhoncus urna. Pellentesque lacinia tempor neque, ut luctus nisl."
PTH79SXU5CW,"Urna Vivamus Associates",8397876,2020-01-12,False,"Suspendisse scelerisque quam magna, sed vestibulum ex ullamcorper id. Sed hendrerit urna velit, vitae viverra quam fermentum ac. Pellentesque lobortis iaculis nisl vitae ultricies. Cras at finibus lacus. Mauris odio lorem, mattis et sapien ac, finibus luctus mi. Nulla bibendum at diam ut feugiat. Nullam augue mi, efficitur volutpat nibh vel, aliquam vestibulum ipsum. Nunc ut aliquet dui. Donec non est non ligula eleifend rhoncus et ultrices mauris. Donec venenatis purus ut massa mattis rutrum. Maecenas maximus fermentum massa vitae dignissim. Quisque est neque, faucibus eu dolor et, fringilla eleifend dolor. Aliquam enim justo, pretium pretium tortor eget, porttitor sodales quam. Orci varius natoque penatibus et magnis dis parturient montes, nascetur ridiculus mus."
JDW43DAH5CD,"Varius Orci In LLP",8835239,2017-12-14,False,"Praesent venenatis ligula dolor, vel viverra purus finibus sed. Donec dui arcu, feugiat quis egestas eget, luctus ac justo. Ut facilisis vehicula convallis. Morbi tempor mauris eros, sit amet lacinia neque elementum eget. Fusce pharetra eu lorem a maximus. Cras tristique dapibus urna, ut imperdiet urna auctor a. Morbi accumsan bibendum elit eget condimentum. Proin pellentesque vulputate nulla ut varius. Sed ac metus pharetra lectus dictum ornare sed ac massa. In et placerat eros. Nulla vulputate porttitor elit in venenatis. Aliquam erat volutpat. Maecenas eget turpis sed ex eleifend convallis. Nulla dignissim non ex vel scelerisque."
HJL62XCJ5KX,"Dolor Limited",797550,2019-07-06,False,"Ut vulputate in neque bibendum viverra. Aenean vitae sem purus. Vestibulum ante ipsum primis in faucibus orci luctus et ultrices posuere cubilia curae; Duis nunc nibh, posuere id bibendum ac, luctus ac tellus. Fusce malesuada risus orci, a mollis enim mattis at. Sed sollicitudin ornare luctus. Curabitur vitae ipsum eu libero iaculis eleifend. Pellentesque nec interdum risus. Maecenas varius lectus ut neque semper, vulputate vulputate quam venenatis. In nec mollis eros. Aenean condimentum vestibulum mi, eu iaculis sem commodo vitae. Duis luctus sed ipsum non gravida."
BEG74SPW6JD,"Suspendisse Eleifend Cras Corporation",261822,2018-07-06,False,"Vestibulum eros ipsum, interdum eget massa non, molestie auctor justo. Nam massa mi, sodales eu erat non, aliquam consectetur erat. Nulla facilisi. Praesent maximus semper aliquet. Donec bibendum vitae ligula a iaculis. Duis auctor lectus ac erat porta, nec rhoncus tortor auctor. Vestibulum ante ipsum primis in faucibus orci luctus et ultrices posuere cubilia curae; Maecenas mattis dignissim neque, gravida mollis nulla aliquet eu. Praesent ac tortor aliquam, pharetra mi et, suscipit sapien."
KIC32QXK5PF,"Suscipit Nonummy Ltd",1668744,2019-12-05,True,"Praesent vulputate blandit consequat. Lorem ipsum dolor sit amet, consectetur adipiscing elit. In hac habitasse platea dictumst. Morbi a odio eleifend, pulvinar nulla id, hendrerit ex. Vivamus rhoncus tristique blandit. Etiam imperdiet ex porta tellus euismod, sit amet egestas orci porta. Curabitur eget ipsum libero. Suspendisse in dui finibus, tempus lectus convallis, convallis lacus. In hac habitasse platea dictumst. Aliquam erat volutpat. Suspendisse ut diam feugiat, euismod felis vel, placerat turpis. Interdum et malesuada fames ac ante ipsum primis in faucibus. Cras iaculis efficitur pharetra. Proin ut massa mauris. Suspendisse gravida commodo nisl, sit amet placerat dui placerat sed."
RBX62ZFB3GH,"Ligula Incorporated",9669887,2019-07-28,True,"Aenean nec gravida est. Mauris pretium tempus pretium. Suspendisse at nunc sollicitudin, bibendum nulla vel, convallis ex. Duis vitae auctor diam. Aliquam tristique neque a leo suscipit rutrum. Praesent in tincidunt nisl. Cras sit amet tempor eros. Suspendisse convallis sit amet quam non ornare. Nam vel neque sit amet metus ullamcorper imperdiet. Quisque hendrerit volutpat varius. Proin convallis facilisis lacus sit amet luctus. Donec lacinia fermentum ex sed rutrum."
SSQ55BYQ3SU,"In Scelerisque Associates",4982932,2020-04-21,True,"Vestibulum eget urna non quam sagittis porttitor. Vestibulum in rhoncus ex, ut tristique mauris. Aenean faucibus tellus volutpat aliquam porta. Integer sed convallis erat. Integer vitae malesuada lorem. Integer lacinia pharetra varius. Fusce nulla eros, ornare a nunc a, ullamcorper rhoncus nulla. Fusce mollis felis sapien, sed tristique ligula tempus in. Integer quis luctus eros, id fringilla mi. Nullam convallis fringilla aliquet. Integer vel quam eget felis pulvinar vehicula et vel magna. Phasellus eros dui, viverra sit amet felis non, condimentum tristique orci."
UXF17XKT9WD,"Turpis Nec Ltd",2281779,2018-09-23,False,"Duis sagittis, lorem vel vulputate sagittis, dolor erat tincidunt sem, non vestibulum nisi mi vitae sem. Donec quis purus urna. Donec et pellentesque magna. Nulla dapibus et libero nec gravida. Nullam ut vehicula elit, a ornare sapien. Vestibulum ante ipsum primis in faucibus orci luctus et ultrices posuere cubilia curae; Quisque condimentum placerat tempus."
UDP44RHT1EP,"Mollis Nec Cursus LLP",988034,2018-09-09,True,"Duis gravida dignissim lorem. Integer dignissim velit arcu, id mattis ligula elementum sit amet. Maecenas lacinia ipsum et fermentum vestibulum. Nullam et purus sit amet massa euismod rutrum ut quis ex. Ut vitae sapien sed lacus ultricies viverra et eget enim. Nullam a consequat nulla. Nullam ac placerat turpis. Cras ultrices nibh dui, et dictum erat tempor non."
BDB43DDW3RX,"Diam At Associates",5884557,2019-06-26,True,"Sed gravida tincidunt felis. Vestibulum maximus malesuada lectus, ac condimentum nulla tincidunt id. In varius tellus nec tincidunt euismod. Duis sagittis elit mi, sed dapibus neque consectetur vitae. Suspendisse laoreet luctus lorem a euismod. Morbi euismod malesuada nulla ut vestibulum. Integer hendrerit hendrerit odio, vitae maximus dolor congue vitae. In eget molestie urna. Maecenas sed ligula odio. Nullam imperdiet lacus ut lacus consequat vulputate. Etiam nisi nibh, vulputate vitae blandit ac, porttitor at nunc. Nunc ultrices massa id massa hendrerit vehicula. Mauris tempus, purus sit amet pellentesque hendrerit, tellus felis vehicula sapien, ac efficitur felis ipsum et augue."
HUR75PZN3YB,"Lacus Cras Industries",4838613,2017-12-20,True,"Orci varius natoque penatibus et magnis dis parturient montes, nascetur ridiculus mus. Sed venenatis leo leo, sit amet gravida mi rhoncus suscipit. Donec dignissim at ante quis viverra. Fusce aliquet venenatis odio ut semper. In vestibulum purus eget eros accumsan rutrum. Phasellus interdum ligula eget eros mollis, gravida porttitor metus commodo. Donec ipsum augue, hendrerit sit amet nisl a, accumsan rutrum lorem."
HRA25DQF5QT,"Mollis Lectus Company",4639909,2018-08-15,True,"Nam condimentum lobortis ipsum vel viverra. Pellentesque facilisis, libero a dapibus condimentum, orci tortor varius nulla, nec sodales mauris metus non libero. Suspendisse vulputate luctus porttitor. Etiam nisl nunc, scelerisque id egestas sed, iaculis quis eros. Nunc efficitur, erat nec rutrum venenatis, dui dolor scelerisque lorem, et accumsan ex arcu nec nisl. Nulla euismod feugiat hendrerit. Vestibulum turpis nulla, posuere ac neque gravida, ornare cursus sem."
ZXT62QWY5NC,"Quam Dignissim Incorporated",7037731,2018-06-18,True,"Sed lectus diam, molestie in ipsum nec, varius tempor enim. Mauris congue gravida nisl in molestie. Pellentesque eget ante odio. Vivamus ac placerat ante. Donec sollicitudin ornare nulla at semper. In mauris urna, rhoncus ac massa ut, aliquam egestas justo. Vestibulum non elit tellus. Proin eu metus lacus. Integer vitae nunc luctus, lobortis sem a, placerat sapien. Sed quis nibh at felis dictum vestibulum. In hac habitasse platea dictumst. In nisl erat, fringilla at felis fringilla, cursus blandit dui. Cras convallis augue quis lacinia mattis. Cras non pharetra augue. Proin in facilisis nibh."
XGO44WXW3EC,"Interdum Libero Dui LLC",2886694,2019-03-10,False,"Etiam vitae nulla sed sapien vulputate sodales. Morbi ornare augue vitae ex sodales cursus. Vivamus sollicitudin luctus maximus. Ut lobortis massa et facilisis eleifend. Integer interdum sodales ante ac volutpat. Fusce fermentum ultrices justo. Curabitur id ipsum tristique risus vulputate vulputate a at mi. Ut convallis ac felis sit amet venenatis."
ITE69NTR1AX,"Ipsum Ac Foundation",9156702,2018-09-17,True,"Suspendisse imperdiet mollis dictum. Etiam rutrum nisl quis turpis sollicitudin, quis blandit libero rhoncus. Suspendisse ac porttitor enim. Vestibulum dictum tempus quam, in consequat ligula pretium vel. Aliquam erat volutpat. Nam vel molestie diam, in varius velit. Proin semper, nunc non lacinia varius, leo velit vehicula ex, ac imperdiet sapien elit eu nulla. Vivamus efficitur, magna a faucibus ornare, urna massa volutpat augue, quis efficitur eros felis a libero. Etiam ac dolor vitae libero pellentesque sollicitudin ac at diam. Pellentesque et massa semper, eleifend erat at, maximus dolor. Phasellus condimentum, lectus in cursus consectetur, metus quam blandit eros, sit amet hendrerit lectus lectus nec sem. Vivamus cursus mi ex, sed feugiat purus aliquam eget. Donec nisl odio, ultricies in mauris vitae, feugiat dictum mauris. Quisque condimentum gravida enim, ut aliquet justo facilisis sit amet. Aenean ullamcorper auctor orci ut semper. Etiam consectetur enim ante, sed vulputate lectus ullamcorper finibus."
GCQ53TEH8BN,"Vitae Aliquam PC",6904158,2019-07-04,False,"Nulla mattis condimentum neque quis hendrerit. Mauris ac porttitor nisi, auctor iaculis lacus. Fusce sit amet pulvinar dui. Nunc porttitor imperdiet iaculis. Fusce consequat lacus eget elit sodales malesuada. Aliquam non pretium tellus. Nullam ut sem gravida diam pellentesque hendrerit vitae in sem. Pellentesque at sagittis erat. Maecenas ornare consectetur justo. Nunc eleifend mauris commodo justo iaculis, tincidunt laoreet ipsum finibus. In hac habitasse platea dictumst. Suspendisse faucibus fringilla lorem sed faucibus. Etiam lorem orci, tincidunt sit amet turpis quis, rhoncus aliquam arcu."
